Timestamp,Temperature (Â°C),Humidity (%),Sensor Drift
2025-05-28 10:00:00,25.993428306022466,48.453954614750685,-0.007699960661974573
2025-05-28 10:01:00,24.786324687702113,46.3964483626175,-0.020661127304473517
2025-05-28 10:02:00,26.42083510638168,51.91029446128711,-0.0252223355792154
2025-05-28 10:03:00,28.233626366191885,57.173787923638784,-0.023408069378075685
2025-05-28 10:04:00,24.78062680502022,41.252670552216095,-0.01745777471972004
2025-05-28 10:05:00,24.84104214749051,51.36050511139378,-0.02303200525080325
2025-05-28 10:06:00,28.526901025825033,50.14135838544306,-0.02716198347223759
2025-05-28 10:07:00,26.96104707067825,54.45513749767733,-0.0364289665607107
2025-05-28 10:08:00,24.543245761932145,52.32056344299141,-0.036743358264458466
2025-05-28 10:09:00,26.621424730409313,47.6505666605551,-0.045227644606366614
2025-05-28 10:10:00,24.66145857957588,49.970627962952484,-0.03949636647395462
2025-05-28 10:11:00,24.706497403612598,47.740865543624246,-0.05735503139329573
2025-05-28 10:12:00,26.16902163361585,57.25570222675136,-0.06095132811782036
2025-05-28 10:13:00,21.90296760180659,52.136432763627326,-0.05794025472590294
2025-05-28 10:14:00,22.32123854767266,61.68953409121149,-0.056101909562677896
2025-05-28 10:15:00,24.6849961048588,52.03344289056942,-0.02917157292287293
2025-05-28 10:16:00,23.81920446828697,48.947301710116605,-0.025673572677193855
2025-05-28 10:17:00,26.505315940423703,45.07273673010193,-0.035714118645613954
2025-05-28 10:18:00,24.089260348540172,43.776930451648575,-0.03666876111650468
2025-05-28 10:19:00,23.10560832815802,45.02257883816537,-0.0544312244511692
2025-05-28 10:20:00,28.882742012526286,54.42879386894611,-0.055237221944136806
2025-05-28 10:21:00,25.51735818226308,55.78592307099338,-0.0635677825141444
2025-05-28 10:22:00,26.117601996298475,45.48468019478609,-0.05441387975854278
2025-05-28 10:23:00,23.1427985952279,58.01332276164396,-0.05990928250449813
2025-05-28 10:24:00,24.90935492298778,51.2694486896853,-0.0610769416624506
2025-05-28 10:25:00,26.221843943248327,54.56443078595942,-0.06743252007649463
2025-05-28 10:26:00,23.695935560183635,62.036333642116254,-0.05004400655796131
2025-05-28 10:27:00,26.74329647195022,58.603209061767586,-0.053256434219140426
2025-05-28 10:28:00,34.7806783594599,52.91912288419519,-0.03493086378434841
2025-05-28 10:29:00,25.384740453315565,49.94752500226976,-0.026789346163165747
2025-05-28 10:30:00,24.74705853284132,43.78503045780225,-0.021968678889811886
2025-05-28 10:31:00,29.63361334197224,51.087838767114505,-0.018281347416636687
2025-05-28 10:32:00,25.87697383398615,53.76629414388201,-0.014343374434474171
2025-05-28 10:33:00,23.75988304276601,50.02319555108797,-0.03362010022793027
2025-05-28 10:34:00,27.4882699965926,54.4387301673772,-0.036408934169437836
2025-05-28 10:35:00,23.366033834131763,55.61393659695186,-0.02795735445759462
2025-05-28 10:36:00,26.18679519658383,54.238766523333425,-0.028446326292335674
2025-05-28 10:37:00,11.8080333938135,52.24507687659076,-0.04249822476037143
2025-05-28 10:38:00,33.026430819366325,56.46904794201801,-0.04302226926614612
2025-05-28 10:39:00,26.029254557582632,57.96477177554594,-0.025981214103591208
2025-05-28 10:40:00,27.06268123753266,50.430944264793816,-0.013512296948244013
2025-05-28 10:41:00,25.876384322782062,63.06401824036257,-0.01413233704190433
2025-05-28 10:42:00,25.24814059751233,55.64134668124531,-0.004617844271323465
2025-05-28 10:43:00,24.821123264877958,56.3519498832423,-0.008282914475003983
2025-05-28 10:44:00,22.408506131090363,59.9206412238139,-0.025321630343271173
2025-05-28 10:45:00,23.866635602817368,57.66593988685398,-0.03456629022456672
2025-05-28 10:46:00,24.324609043834275,61.3842255678649,-0.01893740253948474
2025-05-28 10:47:00,27.298721259241322,58.17121009487778,-0.021677333357777783
2025-05-28 10:48:00,25.80957410351538,53.78878403163562,-0.024111173151527963
2025-05-28 10:49:00,21.533634154157742,58.772176406522725,-0.02710955511427677
2025-05-28 10:50:00,25.645023206581854,51.357993752261734,-0.008068189218546698
2025-05-28 10:51:00,24.163843945540748,57.729639777567996,0.008191399935073933
2025-05-28 10:52:00,13.517578704106214,57.129130957999585,0.03037920226955527
2025-05-28 10:53:00,26.032697932648674,56.36133268065673,0.02878875016555476
2025-05-28 10:54:00,26.810020983606776,56.86403549533259,0.03174499505302571
2025-05-28 10:55:00,26.550255194000908,48.200428029128474,0.016578569558817795
2025-05-28 10:56:00,22.950167919747155,54.96711758828244,0.03134791382000054
2025-05-28 10:57:00,23.952554894235245,58.27412918216475,0.01967011830732119
2025-05-28 10:58:00,25.17757972608964,58.706418349137934,0.021837873944947482
2025-05-28 10:59:00,26.412134031884502,52.86403752191053,0.01086484866861904
2025-05-28 11:00:00,23.45081748930346,64.42425083773094,0.00497618040123208
2025-05-28 11:01:00,23.988306619999342,53.85613430258577,-0.0033964439092649236
2025-05-28 11:02:00,22.099945563358833,63.12356738866099,-0.009475196516023103
2025-05-28 11:03:00,21.87591142573698,60.49947989901618,-0.01486642354751289
2025-05-28 11:04:00,25.85197885139968,55.21753054033916,-0.02034911149676366
2025-05-28 11:05:00,26.901066870678783,67.40829179498148,-0.01201577237896059
2025-05-28 11:06:00,24.00943486650927,52.644514120609905,-0.023064400309585793
2025-05-28 11:07:00,26.12873681720128,63.28730078407,-0.020858986039447126
2025-05-28 11:08:00,24.816632287318377,63.77112434254643,-0.00867939451639154
2025-05-28 11:09:00,22.778395201329896,55.48962678470455,-0.0138113581615255
2025-05-28 11:10:00,24.770383428132376,65.87738322730448,-0.020990547069001518
2025-05-28 11:11:00,27.10638910127425,57.73494898820391,-0.023295793320804028
2025-05-28 11:12:00,23.945222203984393,60.49655314222525,-0.011498541237196926
2025-05-28 11:13:00,27.136607624744492,60.42035943700644,-0.009557464927663349
2025-05-28 11:14:00,28.762201633549243,58.51061736145,-0.014869607873739334
2025-05-28 11:15:00,25.643816134274733,63.29734316157199,-0.010030841361858937
2025-05-28 11:16:00,24.17637894728008,63.26960091104711,-0.02105376286022317
2025-05-28 11:17:00,23.41048920547088,50.61605318934721,-0.014240167755793691
2025-05-28 11:18:00,24.20216537231744,65.93465626968579,-0.010154094678776015
2025-05-28 11:19:00,20.057526622400925,51.15240995717015,-0.013232179390164855
2025-05-28 11:20:00,23.611166583970164,64.67717576854005,-0.021618037374637168
2025-05-28 11:21:00,24.786336115726986,65.19519303153044,-0.03048484659747174
2025-05-28 11:22:00,27.053168961814,54.151693873147224,-0.02513667323401264
2025-05-28 11:23:00,23.089679693539978,57.59493824717447,-0.012846868209122023
2025-05-28 11:24:00,22.541527496913574,54.16058448993182,-0.01921994567940997
2025-05-28 11:25:00,23.190622795873256,58.65220539558793,-0.014636078643895128
2025-05-28 11:26:00,26.06375004054855,58.22193708881559,-0.03550634882991582
2025-05-28 11:27:00,24.932290220558972,63.69329565515786,-0.041352526136487815
2025-05-28 11:28:00,23.25997760111067,66.37699959982432,-0.04166311546519683
2025-05-28 11:29:00,25.39343389029989,66.83190865862595,-0.05075994963501517
2025-05-28 11:30:00,24.610958701489807,57.068247136510266,-0.06012501338291113
2025-05-28 11:31:00,26.406304380936458,58.856133166189345,-0.06680280894759999
2025-05-28 11:32:00,23.119218762798866,51.505758715443385,-0.06388088166433625
2025-05-28 11:33:00,23.92419619353525,55.911853242418445,-0.0657541718484
2025-05-28 11:34:00,23.853162479954015,64.78125788255566,-0.08813648418164972
2025-05-28 11:35:00,21.769641155261134,68.04824831552806,-0.10934348570800038
2025-05-28 11:36:00,25.349403368750565,53.809459360981855,-0.11541213748657214
2025-05-28 11:37:00,25.340725408487128,57.02728430182381,-0.11083527162603662
2025-05-28 11:38:00,24.891011104548745,59.86350896742301,-0.13831032005328897
2025-05-28 11:39:00,24.474250684065915,61.399804511765524,-0.14330762181480527
2025-05-28 11:40:00,22.175547949215236,55.95197003867774,-0.14857010037997948
2025-05-28 11:41:00,24.227838399064066,62.118809491903455,-0.134686722597895
2025-05-28 11:42:00,24.446266255782085,57.62535224293612,-0.13853694071502362
2025-05-28 11:43:00,23.58918621279366,59.9158613878813,-0.13470705086761434
2025-05-28 11:44:00,24.932448653068292,62.71064839030093,-0.1332944794667397
2025-05-28 11:45:00,26.12339265220458,59.999975750625026,-0.1546001442648117
2025-05-28 11:46:00,29.146686802345076,57.77210785270728,-0.14691807209849433
2025-05-28 11:47:00,25.781014478676973,59.38970026042509,-0.14476410704393144
2025-05-28 11:48:00,26.002795725259162,59.477189556562095,-0.13968142064718556
2025-05-28 11:49:00,25.392710640015853,58.0477520078272,-0.10041904358282229
2025-05-28 11:50:00,21.755825831239534,58.58018262123238,-0.12126017297780817
2025-05-28 11:51:00,25.589759858788106,67.84131338264567,-0.10401320648019707
2025-05-28 11:52:00,25.810125508860317,62.62415463268127,-0.10688768167420062
2025-05-28 11:53:00,30.6602995502473,58.311207983992816,-0.10401439263017054
2025-05-28 11:54:00,25.390341799317355,63.24001374737207,-0.10446951508318296
2025-05-28 11:55:00,26.41634186989096,58.05036464574229,-0.1087118784171634
2025-05-28 11:56:00,25.778791160502315,65.54690271695439,-0.11441020769955099
2025-05-28 11:57:00,23.542471920577363,61.488914429151976,-0.1111151203438209
2025-05-28 11:58:00,28.193607688909587,59.061233223510754,-0.12628685731053768
2025-05-28 11:59:00,27.436371702853254,61.79099620503426,-0.11878106563532002
2025-05-28 12:00:00,27.535425566463523,51.65033681265862,-0.12294300968417256
2025-05-28 12:01:00,24.15167278093032,53.820836381389604,-0.13424370307457614
2025-05-28 12:02:00,28.789284748051806,53.43266737510231,-0.13874383165453427
2025-05-28 12:03:00,23.189352463555807,60.062302040490046,-0.12617233948590856
2025-05-28 12:04:00,27.172200259471065,67.95314472696909,-0.13152569035607078
2025-05-28 12:05:00,30.380880347487704,70.38775672290629,-0.12794115417397459
2025-05-28 12:06:00,24.016425146333123,62.35991552516392,-0.13525071693112933
2025-05-28 12:07:00,24.858486487463477,61.610019410642636,-0.12767149843189313
2025-05-28 12:08:00,16.18004964739532,50.03439416385646,-0.12081642104399108
2025-05-28 12:09:00,24.959582269325644,56.25796476075303,-0.10233033271102697
2025-05-28 12:10:00,22.84717127142753,54.961847948677864,-0.10408597216601913
2025-05-28 12:11:00,26.06383785501734,55.723761135990614,-0.09739942411844006
2025-05-28 12:12:00,23.776653618093732,57.91232991385418,-0.09641874872305062
2025-05-28 12:13:00,26.819431059289847,56.31548198819038,-0.08346003090442047
2025-05-28 12:14:00,24.000933631990932,48.70017674992851,-0.09064835478050778
2025-05-28 12:15:00,28.90386594040202,62.25484265792078,-0.08319830165173497
2025-05-28 12:16:00,24.198526212785417,53.06808659516319,-0.08514527461290179
2025-05-28 12:17:00,25.07892015165016,59.54246180303392,-0.08578715638398676
2025-05-28 12:18:00,27.305228770554006,68.6290031583853,-0.08486963153950304
2025-05-28 12:19:00,23.168934972174647,53.57198741399694,-0.08234722757523627
2025-05-28 12:20:00,26.035558818636865,45.42577372700643,-0.08350951800645585
2025-05-28 12:21:00,28.142603697310907,56.5534942773435,-0.0813623861747506
2025-05-28 12:22:00,22.258941753467987,63.39264384931917,-0.06558120559912875
2025-05-28 12:23:00,25.78689192927108,67.5819631269379,-0.05572670874297657
2025-05-28 12:24:00,25.87945431814138,51.54293209348109,-0.047035162818007605
2025-05-28 12:25:00,26.863976621166373,60.0727290308635,-0.051590558078246314
2025-05-28 12:26:00,22.765883961741572,55.15935719944964,-0.06048296636052956
2025-05-28 12:27:00,22.537378444989425,56.85099354480272,-0.050929960778152025
2025-05-28 12:28:00,26.159976045359027,70.49545315081566,-0.04216949285285408
2025-05-28 12:29:00,25.64740442045943,49.65008759285207,-0.027442786095344264
2025-05-28 12:30:00,25.491551628465857,58.323068978932405,-0.03348259235503656
2025-05-28 12:31:00,25.620630507073365,59.280523920234394,-0.03577807890864003
2025-05-28 12:32:00,23.505138576836433,62.25696079632863,-0.05217292053389437
2025-05-28 12:33:00,25.267682452854302,57.20222796076351,-0.0560976315945031
2025-05-28 12:34:00,25.328085377168513,58.135188432879474,-0.04613192648870863
2025-05-28 12:35:00,23.253023449054957,54.51768597926499,-0.050796880280990615
2025-05-28 12:36:00,28.354319757986744,57.700955564669385,-0.044392082328982375
2025-05-28 12:37:00,25.512972760669182,54.51718030189512,-0.04629711338896049
2025-05-28 12:38:00,22.126955077678282,59.21728093473449,-0.043056543106744886
2025-05-28 12:39:00,25.76886385263608,54.1361391836911,-0.05453345700490156
2025-05-28 12:40:00,22.45474003891146,57.74298274492933,-0.05368136250856255
2025-05-28 12:41:00,25.92897577154621,55.58300847799531,-0.08359272221756978
2025-05-28 12:42:00,26.625252289037263,61.229999115236794,-0.08546168379918963
2025-05-28 12:43:00,22.622687295812476,55.21182013699384,-0.10176641623634103
2025-05-28 12:44:00,26.149705259006357,46.47131526298682,-0.08970647107087287
2025-05-28 12:45:00,25.010488712386735,61.51245462338574,-0.08193239754322776
2025-05-28 12:46:00,25.794244198798292,50.53926883536963,-0.07726568772356694
2025-05-28 12:47:00,27.91226765319809,51.66292892575065,-0.06205562545197314
2025-05-28 12:48:00,13.599948390180373,51.81606515267064,-0.07154479066022151
2025-05-28 12:49:00,22.558890907674176,61.52798778379366,-0.054071158681065934
2025-05-28 12:50:00,32.26666500702021,43.83770089387547,-0.04474924303846209
2025-05-28 12:51:00,22.397177677798748,70.06397277286901,-0.04711479591065155
2025-05-28 12:52:00,23.861539774738425,59.5135906058956,-0.03575859443882211
2025-05-28 12:53:00,24.688884278915477,55.20653099005326,-0.046821529562938446
2025-05-28 12:54:00,24.554727487583584,53.67188502441298,-0.05506667117821518
2025-05-28 12:55:00,25.654427069871755,55.22916835552425,-0.06115256841061219
2025-05-28 12:56:00,24.028733244382984,56.26111326014889,-0.06644234549125234
2025-05-28 12:57:00,26.9164101557452,56.73477843826359,-0.07700792191885487
2025-05-28 12:58:00,23.49055837880191,56.139054775439405,-0.06477709124790162
2025-05-28 12:59:00,29.47461628486388,53.66043684311769,-0.06736563525159994
2025-05-28 13:00:00,25.30383744880958,52.076548094531205,-0.06384058556803114
2025-05-28 13:01:00,22.360159268245756,52.156823214487915,-0.06954409923216795
2025-05-28 13:02:00,21.958320953354455,51.787877442027344,-0.08775013223765313
2025-05-28 13:03:00,25.09424093032124,58.27981558845621,-0.08504955865373891
2025-05-28 13:04:00,23.715003830643074,55.42664946894281,-0.10417210840793667
2025-05-28 13:05:00,25.62587779542914,37.604215534103,-0.10485844886879135
2025-05-28 13:06:00,25.18347141477556,55.43238529009971,-0.11854159925711946
2025-05-28 13:07:00,24.13347495576167,52.97275282584192,-0.09866883926481138
2025-05-28 13:08:00,22.63053259050051,51.751224285805435,-0.08955521204306416
2025-05-28 13:09:00,21.342085553332627,49.747415937774065,-0.08849767413034935
2025-05-28 13:10:00,23.528894336365585,57.15539411889223,-0.07586060735380266
2025-05-28 13:11:00,26.187152036015625,56.11690569034083,-0.08432376712846003
2025-05-28 13:12:00,24.95705077917739,47.35898690466653,-0.0788889733417591
2025-05-28 13:13:00,22.093757661470615,53.102436089336265,-0.07689086900457195
2025-05-28 13:14:00,24.989609163288133,46.052426554159986,-0.07425066819123526
2025-05-28 13:15:00,25.4733049227905,43.85592982187937,-0.061527133190167574
2025-05-28 13:16:00,22.995553917306054,47.46355852588228,-0.05420221216236955
2025-05-28 13:17:00,25.132253768639185,54.752088382137615,-0.05131497553411932
2025-05-28 13:18:00,25.003448565462925,55.04861380771161,-0.06786384989640228
2025-05-28 13:19:00,22.663764833975385,52.69121327887388,-0.07746431284919691
2025-05-28 13:20:00,25.728153338535304,53.594031612162624,-0.07869140218515415
2025-05-28 13:21:00,26.19697111731887,52.392218387730125,-0.07775767844238764
2025-05-28 13:22:00,27.304029824323205,46.446739895767074,-0.08905971568912688
2025-05-28 13:23:00,27.30751128929461,51.65666701973605,-0.06494294893334267
2025-05-28 13:24:00,22.505757774497905,53.34213268987221,-0.04977900838080694
2025-05-28 13:25:00,23.4456032638539,52.954735630435806,-0.043757825176882106
2025-05-28 13:26:00,26.410210332540913,54.97124167369019,-0.04303745656404466
2025-05-28 13:27:00,26.46509491228132,52.4118305217146,-0.045159546263056176
2025-05-28 13:28:00,26.523271434511567,50.47146808488923,-0.054678730863278534
2025-05-28 13:29:00,33.25234185680307,53.90921188090256,-0.05390392567808991
2025-05-28 13:30:00,26.74020010777726,48.27044442587921,-0.0513264002766624
2025-05-28 13:31:00,27.91872416199859,43.83866231134272,-0.06374400603147864
2025-05-28 13:32:00,27.602209333127128,47.27811872995054,-0.06040224185902967
2025-05-28 13:33:00,27.040856034243934,44.214829661850835,-0.06195483234727716
2025-05-28 13:34:00,25.1484840963028,44.409850301912506,-0.08103290792605107
2025-05-28 13:35:00,27.334829478179437,46.91009454350562,-0.08963675803384609
2025-05-28 13:36:00,24.305878708658163,43.51811978114895,-0.09377281336806254
2025-05-28 13:37:00,25.4091626992446,45.78856619045959,-0.07489593679466064
2025-05-28 13:38:00,24.939852607933826,37.70911546049136,-0.06933040554932306
2025-05-28 13:39:00,26.098506935439794,48.09317017019297,-0.08268522124032197
2025-05-28 13:40:00,30.584558290945303,46.88297693449623,-0.07782485834614561
2025-05-28 13:41:00,22.237415824268737,42.64252643608133,-0.09329789823552927
2025-05-28 13:42:00,27.357328133761236,49.876026908905345,-0.08247098769665853
2025-05-28 13:43:00,22.768343185626122,51.12032380399048,-0.08718223421483731
2025-05-28 13:44:00,25.054948542648404,38.248230340079445,-0.08811859610222902
2025-05-28 13:45:00,28.177801065701484,42.32688051721564,-0.07486062962680712
2025-05-28 13:46:00,26.125593457969618,42.15022158938547,-0.08773226531264962
2025-05-28 13:47:00,23.834734697632587,41.1528366834016,-0.10170344716377953
2025-05-28 13:48:00,24.54889188086118,49.857170669035476,-0.10753944042723958
2025-05-28 13:49:00,27.32409646656409,44.599170699694724,-0.0971556519170464
2025-05-28 13:50:00,24.48575372630058,44.10532776665615,-0.11234911267181483
2025-05-28 13:51:00,26.357247358741258,35.26932108713605,-0.14067066865292052
2025-05-28 13:52:00,25.989661835927492,48.32761878387126,-0.1451822572370105
2025-05-28 13:53:00,24.565952296390368,38.817331313322725,-0.1396648492379013
2025-05-28 13:54:00,30.124238987616426,45.1776138718005,-0.127662231740513
2025-05-28 13:55:00,27.068079367290057,46.13042916347776,-0.13229384536136699
2025-05-28 13:56:00,21.710682152346454,51.41373075559109,-0.136408111432527
2025-05-28 13:57:00,26.091592754407394,37.93456154087374,-0.12486910408996954
2025-05-28 13:58:00,24.349985997350093,29.250693553241952,-0.14356652108692375
2025-05-28 13:59:00,27.330636846444257,45.138490128764765,-0.14745172883875385
2025-05-28 14:00:00,23.99046537590449,53.09421555749469,-0.14554748993950328
2025-05-28 14:01:00,25.293494835282004,50.16026937406293,-0.14105530272665295
2025-05-28 14:02:00,26.478335094293573,44.88920454070134,-0.14615336965856177
2025-05-28 14:03:00,27.143411636584236,41.25961909888334,-0.14580895954150336
2025-05-28 14:04:00,22.95322030501479,47.63185871645629,-0.17069223307563325
2025-05-28 14:05:00,24.625323383637387,38.60854363625975,-0.17727471719897173
2025-05-28 14:06:00,24.28378407364234,45.73970523872496,-0.17273963007342705
2025-05-28 14:07:00,23.865441017616746,45.76855106220635,-0.18256257041597385
2025-05-28 14:08:00,28.640752192104696,48.427204651203304,-0.18197272820007787
2025-05-28 14:09:00,25.857116991274218,56.811109571031714,-0.1775040031920509
2025-05-28 14:10:00,22.46250905227287,44.863270912949545,-0.18092949520062854
2025-05-28 14:11:00,26.757186422543885,40.246509682216654,-0.17922485749066283
2025-05-28 14:12:00,29.103271062100347,42.55537517802325,-0.18885218314350896
2025-05-28 14:13:00,26.861943069075533,33.73159505809832,-0.19091829594046944
2025-05-28 14:14:00,21.697129198775368,38.99897195957516,-0.1848161342445772
2025-05-28 14:15:00,23.70730205878313,40.32354946571921,-0.18324640463489286
2025-05-28 14:16:00,27.150775725770078,39.648830076439864,-0.18911171733053223
2025-05-28 14:17:00,23.144312455827823,42.93226809808398,-0.1868695532876243
2025-05-28 14:18:00,25.391729537608068,37.961551430672145,-0.1797234553812581
2025-05-28 14:19:00,25.99975912878787,47.58392140907192,-0.20022286816703289
2025-05-28 14:20:00,22.54520342268071,41.88690345996233,-0.1886321275174739
2025-05-28 14:21:00,24.230963364822756,41.748472643236056,-0.19199467490428462
2025-05-28 14:22:00,17.820999441812635,40.06663530218458,-0.18773977557188232
2025-05-28 14:23:00,22.21103302062948,42.39524743224263,-0.17576730633543003
2025-05-28 14:24:00,23.713873229567763,45.66004242003757,-0.1894840433077347
2025-05-28 14:25:00,21.685732781704473,37.11625000837624,-0.19657845333201016
2025-05-28 14:26:00,27.41164887466988,38.08078197176442,-0.1994639402907672
2025-05-28 14:27:00,21.25544446106996,39.77433085446541,-0.20730147550201147
2025-05-28 14:28:00,23.208036002291,34.48735559680624,-0.18995210974364338
2025-05-28 14:29:00,24.325609849018374,37.046341617427224,-0.1985198306819113
2025-05-28 14:30:00,26.92637984339298,38.68963705078102,-0.20407529847678
2025-05-28 14:31:00,21.155594642937963,45.373005398330456,-0.20203140816075021
2025-05-28 14:32:00,26.340978543842304,42.24640901724073,-0.2140529034215111
2025-05-28 14:33:00,24.026345764549234,41.8363362851079,-0.21800971053907373
2025-05-28 14:34:00,22.03802213814527,45.05991849693781,-0.21483517792657197
2025-05-28 14:35:00,24.924356521568242,40.05788486878624,-0.2181637819703971
2025-05-28 14:36:00,24.401332950989904,42.63867135504591,-0.2190976505593966
2025-05-28 14:37:00,22.809785529958628,40.11414424266314,-0.2243909716838803
2025-05-28 14:38:00,24.160743212566178,41.903287131654956,-0.239535674775688
2025-05-28 14:39:00,23.26530245946033,37.611234244737794,-0.2363197426622956
2025-05-28 14:40:00,24.28156731790863,28.281836379773345,-0.2187704119458232
2025-05-28 14:41:00,25.40113574984778,39.75777562908577,-0.21858639563798882
2025-05-28 14:42:00,27.27490025634839,47.49852757802845,-0.2163337544655133
2025-05-28 14:43:00,21.6567755146787,44.97385652805442,-0.20940652691434472
2025-05-28 14:44:00,28.431444001064715,45.13014710637898,-0.22209983187981172
2025-05-28 14:45:00,20.29747286228059,46.44659080147106,-0.20507468529851566
2025-05-28 14:46:00,23.937506518460744,40.67440920119226,-0.20305139733428765
2025-05-28 14:47:00,25.460140489486367,41.18529898980621,-0.18673282834339655
2025-05-28 14:48:00,14.890752516129162,37.080483344871205,-0.19406315829863643
2025-05-28 14:49:00,23.131286792420592,38.56083148539079,-0.17588253907305818
2025-05-28 14:50:00,24.01082324464343,43.19494184252098,-0.16813098413271035
2025-05-28 14:51:00,23.493713418700757,46.112842200149764,-0.16260058327418678
2025-05-28 14:52:00,23.355690754317617,39.3759717527598,-0.1602603387306553
2025-05-28 14:53:00,26.2901705521013,37.80449411819017,-0.1627456249113998
2025-05-28 14:54:00,25.36316092107876,40.04277613389194,-0.15074030832666108
2025-05-28 14:55:00,13.322861846203143,43.033328350917245,-0.1493367096281806
2025-05-28 14:56:00,26.568583880124063,32.797644336619605,-0.16900740666405212
2025-05-28 14:57:00,25.445598221431368,28.528105572266995,-0.18017927128112216
2025-05-28 14:58:00,26.51900677230656,37.250888075919775,-0.18203772880304964
2025-05-28 14:59:00,26.21524558182484,33.89704358842627,-0.1789377389713941
2025-05-28 15:00:00,23.36087728294032,37.459410267006305,-0.17950362386039304
2025-05-28 15:01:00,23.961310021469266,39.263187463273375,-0.1673139159624564
2025-05-28 15:02:00,26.638741141314483,37.740296590265125,-0.18682493460284266
2025-05-28 15:03:00,26.426806242278623,47.27579656158916,-0.18538905523779106
2025-05-28 15:04:00,25.225359428206225,41.65657193104899,-0.2035688474916626
2025-05-28 15:05:00,25.561857807475334,41.53707576855078,-0.1959717245368209
2025-05-28 15:06:00,27.941279350572174,43.16005926571435,-0.19691631168124094
2025-05-28 15:07:00,24.260027082972464,34.371637703918054,-0.19272021196099975
2025-05-28 15:08:00,26.592832433581066,45.2805980011275,-0.2013590415668974
2025-05-28 15:09:00,25.147748341485283,39.727904670787765,-0.1885643922503199
2025-05-28 15:10:00,25.168083832608986,43.48326213567446,-0.17814714560973138
2025-05-28 15:11:00,27.849926240496174,34.79814577046553,-0.1723117025796125
2025-05-28 15:12:00,27.349551760328424,32.41764436238408,-0.17360687504824693
2025-05-28 15:13:00,27.369321813746886,44.30731893879305,-0.1678083021952956
2025-05-28 15:14:00,28.39390824051712,42.13376916374224,-0.1748772278751691
2025-05-28 15:15:00,25.862510258372602,35.77772470550868,-0.16632167128496197
2025-05-28 15:16:00,27.21871583389685,35.97832910965362,-0.14982686234172277
2025-05-28 15:17:00,25.265203395209614,45.994872013134724,-0.13912075674193092
2025-05-28 15:18:00,26.561494032149866,34.46407358841686,-0.146416781440005
2025-05-28 15:19:00,25.67668859053207,48.67030342899232,-0.14280260826727398
2025-05-28 15:20:00,16.151074785983706,36.001999923212516,-0.15573402370486045
2025-05-28 15:21:00,27.16372033162983,43.74757557423362,-0.1500101205931037
2025-05-28 15:22:00,24.34943905698045,38.96537084505739,-0.14550408646447832
2025-05-28 15:23:00,30.1792305071262,43.67956951930325,-0.16420224985979998
2025-05-28 15:24:00,23.98706420320528,38.00053971646395,-0.17582008829892362
2025-05-28 15:25:00,23.571413868688463,39.966916572786275,-0.1786514772663613
2025-05-28 15:26:00,28.31275134995047,41.047527591976916,-0.18166007473776957
2025-05-28 15:27:00,27.572652777579364,35.89630894295375,-0.19375484409195762
2025-05-28 15:28:00,27.226452569237516,44.67793045041029,-0.1898650567984358
2025-05-28 15:29:00,27.219921209422473,38.47653493078952,-0.18735032070903068
2025-05-28 15:30:00,25.919944859687,39.97061175677635,-0.18929301202881588
2025-05-28 15:31:00,24.127403146713565,36.21507000585937,-0.1968509270303995
2025-05-28 15:32:00,26.047348840072708,28.45053300689616,-0.18636385576623388
2025-05-28 15:33:00,24.51170198076022,40.38460714915477,-0.16980978463535093
2025-05-28 15:34:00,27.783125900476275,53.4825087995077,-0.1746453994738163
2025-05-28 15:35:00,25.502339096500652,45.424260227583254,-0.18076706864536451
2025-05-28 15:36:00,24.10587735841997,41.48884512832752,-0.17585499199124455
2025-05-28 15:37:00,25.071524953121035,40.35668151755093,-0.1794352857887144
2025-05-28 15:38:00,26.49475978229559,41.871512903026584,-0.18082925779534675
2025-05-28 15:39:00,24.4934028892353,44.58486416101342,-0.17343272627810005
2025-05-28 15:40:00,23.925911199445043,36.03730475387908,-0.192526287153173
2025-05-28 15:41:00,26.004970983445702,47.607069878295064,-0.1793432639046463
2025-05-28 15:42:00,15.952727465184747,45.70842962349032,-0.1786164586613529
2025-05-28 15:43:00,24.392275639812212,45.82045863371678,-0.1827313901069747
2025-05-28 15:44:00,24.405846901457636,44.52183674549264,-0.1836237316491892
2025-05-28 15:45:00,25.7524090649875,42.52936576842003,-0.183999438098984
2025-05-28 15:46:00,22.331386081881437,45.899284296553574,-0.20131145113343327
2025-05-28 15:47:00,22.350972937815605,45.599589993865855,-0.18636206885890091
2025-05-28 15:48:00,23.666701721327367,40.977676457690904,-0.18594881253619472
2025-05-28 15:49:00,24.61397589601702,39.98902477124528,-0.18151879123172096
2025-05-28 15:50:00,25.59980374726978,43.47723468550309,-0.17200329352598054
2025-05-28 15:51:00,27.865906509423596,50.82571206770048,-0.18221491810158355
2025-05-28 15:52:00,26.5680541417839,36.99944470817797,-0.17748019911123128
2025-05-28 15:53:00,24.470981007135585,35.9734049337944,-0.1801566100202192
2025-05-28 15:54:00,24.69177586331084,44.252540353490694,-0.17168890226805428
2025-05-28 15:55:00,22.66476822032355,43.80250414989315,-0.19296117647156924
2025-05-28 15:56:00,24.574124999423834,44.53569856258383,-0.19395211947398194
2025-05-28 15:57:00,23.97669599647465,45.01124604111006,-0.19998032603182156
2025-05-28 15:58:00,25.144076028088577,42.7994935168838,-0.19565769652548
2025-05-28 15:59:00,22.790785258511242,51.49035098667142,-0.190957254651798
2025-05-28 16:00:00,25.4327421522188,36.16351613555469,-0.19803351360001825
2025-05-28 16:01:00,27.41072512756542,40.15399497031975,-0.2051552522417787
2025-05-28 16:02:00,24.08151436631869,43.91006043663834,-0.206261905927352
2025-05-28 16:03:00,25.059017398309464,36.341622297913375,-0.21522832820050408
2025-05-28 16:04:00,25.59538494153582,43.81087197654644,-0.2068084912459828
2025-05-28 16:05:00,23.37526287462952,53.131385224021294,-0.21050056325045727
2025-05-28 16:06:00,24.59174736772749,45.06363688356655,-0.23957044544367367
2025-05-28 16:07:00,24.13799252715499,46.249125249429206,-0.24331866600989174
2025-05-28 16:08:00,14.280913597652496,38.932425679672825,-0.25370410421833145
2025-05-28 16:09:00,22.515911605392905,42.29024973012962,-0.2700168623729409
2025-05-28 16:10:00,24.091030836202396,43.63602629637569,-0.28239112875516664
2025-05-28 16:11:00,25.021874702052163,44.06449370467487,-0.2812970440368369
2025-05-28 16:12:00,26.91588507889437,52.203423842326686,-0.26801063575435463
2025-05-28 16:13:00,25.92375993268783,48.726835398080894,-0.26487879101570483
2025-05-28 16:14:00,28.307137422827033,40.52526968811086,-0.27094382489786223
2025-05-28 16:15:00,22.46558299995351,47.46023124913232,-0.2663847829461552
2025-05-28 16:16:00,25.748378362742802,48.86489660466725,-0.2709756860483451
2025-05-28 16:17:00,24.377819731713267,52.221510065663495,-0.27792168973997655
2025-05-28 16:18:00,28.402050627487657,54.571305485421284,-0.2894653164223064
2025-05-28 16:19:00,22.421022920053062,41.74179189193756,-0.3069836044898236
2025-05-28 16:20:00,22.377156217366867,42.91242295920203,-0.31088284155541807
2025-05-28 16:21:00,22.88052564605909,40.829018802704695,-0.3093023066562168
2025-05-28 16:22:00,19.85787133824936,46.09771916838043,-0.31026854335636567
2025-05-28 16:23:00,23.084041201178614,49.75119617794317,-0.31442821263583925
2025-05-28 16:24:00,22.65059279457691,52.508300729159636,-0.3238856732428071
2025-05-28 16:25:00,34.506239269039966,47.34469723302655,-0.3178032113259574
2025-05-28 16:26:00,24.92869922399352,46.2786015219007,-0.33097453052542325
2025-05-28 16:27:00,28.040249393000746,48.79054054656664,-0.3232142513869885
2025-05-28 16:28:00,26.234291763189727,44.01043413312337,-0.33323642157625577
2025-05-28 16:29:00,23.227809006758978,58.78868874278673,-0.3407607739497861
2025-05-28 16:30:00,22.63540457120858,40.45794664627034,-0.35542862585594287
2025-05-28 16:31:00,25.468935052772196,49.57558309441277,-0.36044264732479925
2025-05-28 16:32:00,21.8995292485601,58.92587300878645,-0.35068952274001947
2025-05-28 16:33:00,28.25963120922472,48.99809758447759,-0.3455332418555799
2025-05-28 16:34:00,27.01390670764798,48.17041574088191,-0.33574902073529955
2025-05-28 16:35:00,23.77635212971654,47.49011376674199,-0.3305275952759602
2025-05-28 16:36:00,21.34923953318067,48.53229109935003,-0.3415642935612639
2025-05-28 16:37:00,27.54494623616573,56.455540378975535,-0.3448721858045395
2025-05-28 16:38:00,24.67045847164259,38.6891379894587,-0.35267417709571414
2025-05-28 16:39:00,27.437904731268205,57.57282778422265,-0.33936842805532375
2025-05-28 16:40:00,21.83629992780064,42.94310857090994,-0.35133631451958686
2025-05-28 16:41:00,23.889188862503513,48.88685219309019,-0.34239933762569574
2025-05-28 16:42:00,25.1608622212503,48.23105682529386,-0.33346979892460804
2025-05-28 16:43:00,25.30617727371199,53.47711708878417,-0.3151735969074472
2025-05-28 16:44:00,24.373087210649974,42.7006686865291,-0.31927046283374216
2025-05-28 16:45:00,26.57883965943705,53.1589225751648,-0.3121472412379405
2025-05-28 16:46:00,23.256503193955204,61.12616649495593,-0.28933072287255207
2025-05-28 16:47:00,25.16404021015787,44.34505911828825,-0.295507139641889
2025-05-28 16:48:00,25.74467081921512,52.26548372640821,-0.3108575421172126
2025-05-28 16:49:00,26.586244244379138,48.16274015721836,-0.32965764245629026
2025-05-28 16:50:00,27.031679277171996,53.757421152616125,-0.32253052216767697
2025-05-28 16:51:00,23.40784220159345,51.87865559865851,-0.3413620242482628
2025-05-28 16:52:00,22.634976337609437,48.729972967147425,-0.34508521477764204
2025-05-28 16:53:00,28.30185583212507,54.53078075373104,-0.3407120829072524
2025-05-28 16:54:00,26.45147571933077,61.266654635309436,-0.3388603275389533
2025-05-28 16:55:00,24.327108582990256,51.44333487634086,-0.3346058788971116
2025-05-28 16:56:00,28.960360781900732,56.14899047474401,-0.332382980339103
2025-05-28 16:57:00,26.11998813523807,46.23555241948199,-0.31959432220596906
2025-05-28 16:58:00,28.274301196627817,48.070783776650444,-0.32911748601335705
2025-05-28 16:59:00,16.074190640439987,55.365340165519385,-0.33588743739794236
2025-05-28 17:00:00,30.080382544488625,60.57348952843484,-0.3436140318506506
2025-05-28 17:01:00,29.485509531560943,55.07979724793666,-0.33531211373202446
2025-05-28 17:02:00,35.488985798095015,51.88444518533013,-0.32630812784807384
2025-05-28 17:03:00,27.938239547358975,53.59334432356212,-0.32179587465488874
2025-05-28 17:04:00,27.290098035632276,47.49111132939159,-0.30996093798598945
2025-05-28 17:05:00,28.736905882726926,56.911063917690704,-0.32174134665975324
2025-05-28 17:06:00,24.066139444878896,58.44452853645686,-0.3050691055442419
2025-05-28 17:07:00,27.36049431063035,51.91579045789926,-0.2898367193271193
2025-05-28 17:08:00,28.09373684906067,51.96837779133546,-0.28248049935466185
2025-05-28 17:09:00,22.444042337400898,55.789258405111,-0.26466251026695126
2025-05-28 17:10:00,23.57583543620277,52.41644469378312,-0.28122874234372897
2025-05-28 17:11:00,11.840992775870006,54.408419152775316,-0.2864732237063555
2025-05-28 17:12:00,25.354112189260455,65.37555838396891,-0.293826258313175
2025-05-28 17:13:00,27.297948069877858,53.77848242214607,-0.28661146507560153
2025-05-28 17:14:00,28.834103215717143,53.35733214230201,-0.297112872471623
2025-05-28 17:15:00,25.940824451581236,52.045472859284715,-0.28953792097824815
2025-05-28 17:16:00,29.009977329640538,59.13698457298158,-0.275832559538281
2025-05-28 17:17:00,22.94967797586465,54.64140767775064,-0.268880530537441
2025-05-28 17:18:00,22.257443482095308,52.43079566933994,-0.266043020300826
2025-05-28 17:19:00,25.504813855773943,62.41290965565111,-0.27592175370983346
2025-05-28 17:20:00,26.33330546464401,63.03169764094438,-0.2843902633710871
2025-05-28 17:21:00,25.446815431764932,53.057390933941946,-0.2718940743181204
2025-05-28 17:22:00,21.322325602599328,46.85113706235907,-0.2641005842790671
2025-05-28 17:23:00,25.222166587142226,61.34420449961018,-0.2644907794728425
2025-05-28 17:24:00,22.733081142315967,53.00472696806536,-0.26866987493050143
2025-05-28 17:25:00,26.62162621813405,60.50065498021119,-0.2889279536616152
2025-05-28 17:26:00,25.954622324515256,46.81504004326453,-0.2996364778484596
2025-05-28 17:27:00,23.279935355132842,61.24493004964321,-0.2805222869770624
2025-05-28 17:28:00,24.069598683694917,50.84079124337872,-0.29332684268708703
2025-05-28 17:29:00,22.916158169033917,60.6634739630086,-0.29143204447487625
2025-05-28 17:30:00,24.84634294737054,57.19228819349242,-0.28135760474292426
2025-05-28 17:31:00,26.81921361831584,52.46073474363187,-0.2939068314229472
2025-05-28 17:32:00,22.8750648554327,55.30297168813337,-0.29205972667513636
2025-05-28 17:33:00,25.7928048902906,60.87565274366769,-0.2826805713000298
2025-05-28 17:34:00,23.663242878876048,58.07759954118416,-0.2825555780809573
2025-05-28 17:35:00,23.078151090933098,60.57239287694132,-0.25387154752428964
2025-05-28 17:36:00,24.39130377734144,67.63284021137343,-0.2705575401130716
2025-05-28 17:37:00,22.47790815878436,50.02782236030878,-0.2599702548142328
2025-05-28 17:38:00,33.385908355337364,66.03154591396755,-0.26169827218819747
2025-05-28 17:39:00,22.04426942868471,58.56175099128547,-0.2539790706398307
2025-05-28 17:40:00,28.318508117287358,53.63855161062169,-0.24956599912283825
2025-05-28 17:41:00,24.411033530407565,51.571393687293146,-0.25689756109393824
2025-05-28 17:42:00,22.895111916868878,57.36581686927177,-0.25460759716934483
2025-05-28 17:43:00,24.67936887313346,63.00607156420769,-0.2731866116833277
2025-05-28 17:44:00,23.986559333185713,57.84440139724035,-0.2671541366776138
2025-05-28 17:45:00,23.73220181997001,66.12015061017019,-0.2641725520177085
2025-05-28 17:46:00,25.368665819906106,51.38860910434085,-0.2577859503312775
2025-05-28 17:47:00,25.624938749272705,58.66201724096459,-0.24720476708040598
2025-05-28 17:48:00,23.022031702982932,52.536312736098694,-0.24352856867830888
2025-05-28 17:49:00,22.908134278000883,60.690082157210874,-0.24204767448032613
2025-05-28 17:50:00,23.49012221134352,63.37780908179677,-0.25085835784693905
2025-05-28 17:51:00,19.420633498046993,56.90880148705417,-0.25798056548342957
2025-05-28 17:52:00,20.982201582146107,46.058551315659784,-0.24611321928165625
2025-05-28 17:53:00,26.738344804355037,60.13912672843413,-0.23174986522459645
2025-05-28 17:54:00,27.2904805291735,61.39058338919617,-0.23413096958771698
2025-05-28 17:55:00,23.50237414566548,61.28859282886134,-0.23367094211518424
2025-05-28 17:56:00,25.157413954404696,65.50396733390784,-0.24271708586512192
2025-05-28 17:57:00,24.634591582146893,54.02541987071641,-0.23098951741244747
2025-05-28 17:58:00,30.181550765936045,62.835081509968056,-0.2243353491755297
2025-05-28 17:59:00,26.27849722044683,65.44751889798782,-0.2049231748108922
2025-05-28 18:00:00,23.802869311508964,50.64067880374171,-0.21370640558268958
2025-05-28 18:01:00,22.17070301191887,61.17815425274978,-0.21748648457287176
2025-05-28 18:02:00,20.89560168678657,57.10290593732798,-0.21517202534761604
2025-05-28 18:03:00,24.545657443795214,59.25772241007219,-0.20870712997035834
2025-05-28 18:04:00,22.65967037082866,61.442859322889646,-0.21086380634583465
2025-05-28 18:05:00,21.364778941889554,57.3050759838196,-0.21959341725037165
2025-05-28 18:06:00,22.956181926262218,56.3970119936688,-0.21077934196113593
2025-05-28 18:07:00,22.129241513884704,59.97823125964052,-0.2035679883356801
2025-05-28 18:08:00,27.712429030315263,54.40073156748209,-0.21273072934131734
2025-05-28 18:09:00,26.14985077963224,54.43489572253122,-0.19917630133026237
2025-05-28 18:10:00,24.421477259148322,63.28550921241687,-0.18747431423829633
2025-05-28 18:11:00,27.450386777496178,54.16684929089692,-0.1861313492658184
2025-05-28 18:12:00,24.700325868850353,63.26210839594973,-0.18533537064205804
2025-05-28 18:13:00,22.879908547259557,62.260773659095605,-0.17979479293089898
2025-05-28 18:14:00,27.707184784044635,51.333595463032566,-0.18841182363346157
2025-05-28 18:15:00,25.798557204076488,56.587154704266716,-0.18811150884182073
2025-05-28 18:16:00,22.707149625102435,65.95540773394208,-0.20963534428791253
2025-05-28 18:17:00,24.462732879704223,55.08644726626239,-0.20087078783288317
2025-05-28 18:18:00,23.154561256902856,57.675197431156946,-0.21648572005730177
2025-05-28 18:19:00,22.202958347152205,62.30999542493695,-0.2014515217730118
2025-05-28 18:20:00,26.883797285982403,63.91664350509045,-0.2047527227126763
2025-05-28 18:21:00,28.913035517267886,58.739524312481414,-0.20686939253198808
2025-05-28 18:22:00,22.35945461649027,57.004723948502594,-0.21314673159283312
2025-05-28 18:23:00,26.34429653962578,67.09671002719777,-0.21602712033205387
2025-05-28 18:24:00,23.977977745049174,68.6694762849329,-0.20184180688057352
2025-05-28 18:25:00,24.36481260296528,64.85691936089452,-0.2267198934459243
2025-05-28 18:26:00,24.212735201606172,60.37440790765097,-0.21395023958504242
2025-05-28 18:27:00,23.726429207085243,55.889217283199045,-0.21057000477402535
2025-05-28 18:28:00,25.606544756173527,55.758597433907376,-0.2226402212525975
2025-05-28 18:29:00,23.900677225396358,62.50121332396315,-0.23339334518308988
2025-05-28 18:30:00,26.154342385826336,61.95601247140056,-0.21662941491100784
2025-05-28 18:31:00,25.561378020931596,66.84495422652826,-0.22608448371043516
2025-05-28 18:32:00,25.22976638515368,63.05971963488109,-0.23761798881639476
2025-05-28 18:33:00,23.935544981169524,52.260150880677784,-0.22624484339274747
2025-05-28 18:34:00,24.63717097777843,65.00095689300196,-0.22285931462988834
2025-05-28 18:35:00,27.338410590254238,54.71417376862591,-0.23223857039525234
2025-05-28 18:36:00,26.86310420318799,57.74547941581866,-0.23007232064120614
2025-05-28 18:37:00,23.93639518310118,60.874806123624815,-0.2403298474776089
2025-05-28 18:38:00,26.116880717738724,69.55823257207471,-0.22932163349338286
2025-05-28 18:39:00,27.44406975227308,75.0832095038011,-0.21870792384465151
2025-05-28 18:40:00,22.621842040179573,62.51859663127887,-0.21338786185643208
2025-05-28 18:41:00,27.0629312357343,58.51801788911388,-0.2097712512439619
2025-05-28 18:42:00,24.662661209048483,62.05321651136441,-0.19215936999528815
2025-05-28 18:43:00,27.136897308893158,63.763333504166255,-0.1921625067214059
2025-05-28 18:44:00,24.47303546213673,57.663780926266895,-0.2039812479756139
2025-05-28 18:45:00,22.38969069650003,68.18294741009025,-0.19948650884729083
2025-05-28 18:46:00,22.740318854767686,60.29473979040867,-0.1786260383519197
2025-05-28 18:47:00,26.083586186779552,61.56833604425243,-0.18877363328377822
2025-05-28 18:48:00,26.494969175924805,62.34223171573176,-0.19238826095071807
2025-05-28 18:49:00,24.151141144144372,61.05130518438256,-0.18822380056970353
2025-05-28 18:50:00,27.217414158264507,63.0666252464341,-0.18876284905976093
2025-05-28 18:51:00,22.593925877258098,55.71201402542968,-0.19858588486353407
2025-05-28 18:52:00,25.757917073527274,55.93095321046472,-0.18736730630122936
2025-05-28 18:53:00,23.437635180655835,53.14371638974018,-0.16416689908105675
2025-05-28 18:54:00,34.52218676535922,60.7618821120346,-0.16220558449081768
2025-05-28 18:55:00,25.88358191006546,62.376829516688595,-0.1712462673881777
2025-05-28 18:56:00,24.02776421776709,60.68668533534483,-0.18673587263871244
2025-05-28 18:57:00,24.936325978686305,66.68388098989463,-0.18415611282650063
2025-05-28 18:58:00,27.672079191964777,58.194981721842865,-0.17311733939333807
2025-05-28 18:59:00,24.457158409499133,61.47618013019991,-0.16836566192838426
2025-05-28 19:00:00,27.23135901026788,52.58146692297284,-0.1683897003375728
2025-05-28 19:01:00,23.247379324653043,56.00998452675244,-0.17428241685546586
2025-05-28 19:02:00,26.511215552207464,61.326719206692935,-0.18520405318264677
2025-05-28 19:03:00,28.277772744065246,61.99614784251174,-0.17685653991939795
2025-05-28 19:04:00,20.392814244287635,56.18049323625799,-0.16771882370554209
2025-05-28 19:05:00,23.682451373438127,57.190131016317665,-0.18317612157244942
2025-05-28 19:06:00,26.369432395106177,49.85469172548015,-0.1672777317906426
2025-05-28 19:07:00,24.747392279810235,55.55300724873424,-0.16153701958170258
2025-05-28 19:08:00,25.83336276942926,61.682347658214034,-0.14754107313024464
2025-05-28 19:09:00,23.820328484651476,59.99694793484309,-0.16096235061509578
2025-05-28 19:10:00,25.138594362133986,59.512981974582026,-0.17462059216925016
2025-05-28 19:11:00,24.59131301084754,57.145519325687424,-0.17611028526692313
2025-05-28 19:12:00,27.17586919553207,56.81725915128755,-0.17108244099797118
2025-05-28 19:13:00,25.287415854280873,53.3639534344565,-0.15311883276870153
2025-05-28 19:14:00,25.392924203676436,60.04166908541002,-0.14605804363055022
2025-05-28 19:15:00,23.834225924429404,58.53274081881235,-0.14848485639867057
2025-05-28 19:16:00,23.62438088568721,58.76673029038957,-0.1587485484753295
2025-05-28 19:17:00,23.677673821681683,53.55366260582426,-0.14644854274813798
2025-05-28 19:18:00,25.276699356803487,45.292794163279275,-0.15609559700564513
2025-05-28 19:19:00,23.592856471594086,61.419446177144685,-0.1398109114579219
2025-05-28 19:20:00,24.96364046022565,53.41220221424405,-0.142654757953987
2025-05-28 19:21:00,28.486593236485263,51.36378204073148,-0.1267489372278085
2025-05-28 19:22:00,26.032368514568958,59.01492310341115,-0.11995962432721571
2025-05-28 19:23:00,23.59520669716636,53.45596151588626,-0.1213295792216403
2025-05-28 19:24:00,26.609792953586208,60.58286380769363,-0.12652354293990156
2025-05-28 19:25:00,23.35446014243182,58.23406265029163,-0.12993262171336237
2025-05-28 19:26:00,20.060887371358362,58.43145754187845,-0.12564945478960998
2025-05-28 19:27:00,22.090901520015624,48.047170882133685,-0.12487788982743281
2025-05-28 19:28:00,30.338959026558086,60.79880215283644,-0.13081600390811987
2025-05-28 19:29:00,23.354620570383066,55.906296030155396,-0.1324723180112962
2025-05-28 19:30:00,24.075315448131978,52.613481560619746,-0.1316865477141047
2025-05-28 19:31:00,27.375986749189074,55.03553086684424,-0.15297388865825284
2025-05-28 19:32:00,24.665463356894854,45.29506595757309,-0.14839220751036586
2025-05-28 19:33:00,23.565812576343166,56.07612728224318,-0.15818941975753392
2025-05-28 19:34:00,25.659168394704746,48.74162974500353,-0.16972274378959137
2025-05-28 19:35:00,19.57838324552225,46.979798570022524,-0.1865961872606985
2025-05-28 19:36:00,24.476131470766866,45.98509136535591,-0.2045351122393774
2025-05-28 19:37:00,25.554816292720776,59.013177212895535,-0.2180895872705003
2025-05-28 19:38:00,21.067999661765782,50.15541353554443,-0.2251797968468052
2025-05-28 19:39:00,26.328621391689207,60.821547935337534,-0.20564720547153953
2025-05-28 19:40:00,24.73783913736906,50.32430146085603,-0.21090600223049158
2025-05-28 19:41:00,23.253717343698227,44.31617587277577,-0.20912850116781126
2025-05-28 19:42:00,25.376924865560213,47.11929500909453,-0.20512368730274796
2025-05-28 19:43:00,28.683328884753102,58.72925886403781,-0.20381303544058949
2025-05-28 19:44:00,24.539650854013626,51.618362945294024,-0.2045874700478494
2025-05-28 19:45:00,24.70959347722908,49.50347760392273,-0.21654040768384186
2025-05-28 19:46:00,23.33477601259146,52.89151045863963,-0.20203113220104973
2025-05-28 19:47:00,22.59710658198973,54.44632119320671,-0.1839591657646709
2025-05-28 19:48:00,26.003545247819297,57.369910791092074,-0.20078575270589774
2025-05-28 19:49:00,22.67938282718805,58.87048127111557,-0.21102603861476155
2025-05-28 19:50:00,24.58576589817714,49.67380781725599,-0.21382414203853162
2025-05-28 19:51:00,23.540605550678436,44.68671445794607,-0.22346951998763354
2025-05-28 19:52:00,25.50916047129232,49.09360333563593,-0.2184098644530749
2025-05-28 19:53:00,15.275580157853494,52.30602091143613,-0.22569258647714102
2025-05-28 19:54:00,26.74194009377374,46.02926461370205,-0.204042025799075
2025-05-28 19:55:00,23.706749048682035,45.905535871472644,-0.19213653985563903
2025-05-28 19:56:00,24.24803404323075,52.25329014768,-0.19001079954931688
2025-05-28 19:57:00,22.892097746621445,50.13401716893493,-0.17974093691611956
2025-05-28 19:58:00,24.023474571436708,50.38409881632023,-0.16868193267254647
2025-05-28 19:59:00,25.729445740700328,46.27041765966034,-0.17432140755312892
2025-05-28 20:00:00,26.551705125969413,48.75365570671221,-0.18248357999854856
2025-05-28 20:01:00,23.256131189496916,45.12728182476473,-0.1817021493688521
2025-05-28 20:02:00,26.90201035237641,54.04229006121683,-0.17308578812387265
2025-05-28 20:03:00,27.935767126247473,54.61049618178084,-0.17169518413733847
2025-05-28 20:04:00,26.112166372521447,40.046401569603674,-0.18746514895924846
2025-05-28 20:05:00,29.098565158910716,44.47305661492736,-0.19549339339875688
2025-05-28 20:06:00,23.85570792427683,41.48145208622722,-0.19623312203470067
2025-05-28 20:07:00,22.97069493077577,45.55772224060379,-0.19698977807795898
2025-05-28 20:08:00,21.957462792432253,48.234690350982355,-0.1772643563100609
2025-05-28 20:09:00,28.55985470907307,41.24802568336799,-0.19112423573405088
2025-05-28 20:10:00,26.92711499462433,43.731696068686304,-0.18606834331569214
2025-05-28 20:11:00,25.555386571361456,43.166361780866005,-0.17117721223240923
2025-05-28 20:12:00,26.27202953807066,49.06808723231768,-0.14846271477818127
2025-05-28 20:13:00,23.503834632964043,48.22456082335618,-0.15250668901002087
2025-05-28 20:14:00,30.68605226314609,44.11576458455292,-0.14759239448281888
2025-05-28 20:15:00,26.089584246266146,48.45573250691112,-0.1418947909108324
2025-05-28 20:16:00,16.083238344669645,44.68600388277518,-0.1399399735952995
2025-05-28 20:17:00,27.34587046092841,45.909542912285076,-0.14092842560769256
2025-05-28 20:18:00,26.88270752652629,55.48416854877048,-0.1365686717126921
2025-05-28 20:19:00,26.39116814682984,53.66901577420549,-0.16189113256488896
2025-05-28 20:20:00,24.381431598346012,40.31935666643893,-0.15507043766426265
2025-05-28 20:21:00,26.920491953219674,50.81726414197531,-0.15380865862764298
2025-05-28 20:22:00,29.752913272713503,50.57774764551512,-0.15603340759542564
2025-05-28 20:23:00,28.68710300300851,40.63247141842025,-0.13556478563823005
2025-05-28 20:24:00,29.186095127549184,50.32159557574662,-0.14231412582613556
2025-05-28 20:25:00,24.97679613933371,53.7722190648588,-0.14634488571678586
2025-05-28 20:26:00,24.015572078965423,40.32565606323322,-0.1264293526947385
2025-05-28 20:27:00,25.73482829649642,41.20769076223654,-0.13474996574323708
2025-05-28 20:28:00,26.085571705016125,50.74137652267357,-0.14025111857260247
2025-05-28 20:29:00,28.146372549257386,46.869484752123626,-0.14172137280691097
2025-05-28 20:30:00,22.553139567466527,48.129438146524635,-0.13331402798561548
2025-05-28 20:31:00,28.973539238366396,46.93619558753822,-0.13123600291208234
2025-05-28 20:32:00,25.571176477250628,47.04910032547652,-0.14416225638360497
2025-05-28 20:33:00,25.00267545599851,38.32684380053135,-0.14948394201487686
2025-05-28 20:34:00,23.79808743107848,50.060622928488456,-0.15555748634699898
2025-05-28 20:35:00,22.47518969815487,50.53809396084568,-0.15632969679922942
2025-05-28 20:36:00,27.390747213812247,43.41061263334407,-0.15207126021293113
2025-05-28 20:37:00,25.847601271144406,44.208949488314275,-0.14788920265405142
2025-05-28 20:38:00,23.074830898957632,36.640942581442395,-0.16564932019453543
2025-05-28 20:39:00,23.015793332136315,46.73930980802645,-0.15500991031892686
2025-05-28 20:40:00,24.883183455803866,46.901321002231754,-0.15248422185896063
2025-05-28 20:41:00,28.839404143166394,43.604549705061274,-0.13863890138302157
2025-05-28 20:42:00,24.92680402295787,49.41324685092009,-0.13419691811011486
2025-05-28 20:43:00,22.382562822355176,41.998604085832085,-0.12318368853275724
2025-05-28 20:44:00,24.838686922228952,46.37109527008108,-0.11851823541825597
2025-05-28 20:45:00,24.72474458138845,38.33041445384755,-0.10505597785622849
2025-05-28 20:46:00,19.815368647054427,43.19327050818542,-0.09983347149605071
2025-05-28 20:47:00,25.03867537158452,42.32320879693331,-0.10081262396047974
2025-05-28 20:48:00,24.622936864058154,44.20715092042925,-0.07808827675601092
2025-05-28 20:49:00,26.41442411355307,41.12031856502637,-0.06919790553321199
2025-05-28 20:50:00,28.657041990449986,42.19967065737147,-0.06346046132316786
2025-05-28 20:51:00,27.149539895263278,46.87811586960356,-0.07622350548855122
2025-05-28 20:52:00,24.296322132321635,40.45669813896789,-0.08910658166318661
2025-05-28 20:53:00,22.55939341764058,34.50209261302609,-0.08617942684176808
2025-05-28 20:54:00,29.858410416227507,51.1792020009772,-0.08472421486408567
2025-05-28 20:55:00,24.770513355334693,49.23672844489645,-0.09086544051416884
2025-05-28 20:56:00,24.621696593271423,35.768216529649024,-0.08945561351804823
2025-05-28 20:57:00,24.488955502812704,45.58006207251008,-0.07356934423761227
2025-05-28 20:58:00,14.878572961073836,39.520587552194,-0.06661531949210929
2025-05-28 20:59:00,24.140927185574217,43.25880490707861,-0.07802540458963667
2025-05-28 21:00:00,23.231823991396286,43.320389230204846,-0.0791404928610661
2025-05-28 21:01:00,23.23738524377488,40.58714443738475,-0.0871901576695917
2025-05-28 21:02:00,24.220196823140984,37.752307335660284,-0.09106715683367732
2025-05-28 21:03:00,23.15627870572748,38.13244176541821,-0.09520331348997374
2025-05-28 21:04:00,22.777854575140747,36.920279210686935,-0.0999797693160138
2025-05-28 21:05:00,24.37997402174302,37.26032065029091,-0.11253112303574775
2025-05-28 21:06:00,23.624020161373856,41.00385451190885,-0.11380766985092965
2025-05-28 21:07:00,27.112246253480123,37.683401355318956,-0.11941374621940275
2025-05-28 21:08:00,18.77614849352875,44.597077207465034,-0.14870823311942544
2025-05-28 21:09:00,26.238575298464095,48.54984211015608,-0.12817851287440882
2025-05-28 21:10:00,26.528940194101345,38.14233655629724,-0.1172908163322421
2025-05-28 21:11:00,19.875006600050494,42.17083122598656,-0.12105382358149207
2025-05-28 21:12:00,23.32529742218581,43.40567177337579,-0.12086563308408609
2025-05-28 21:13:00,23.26058866505808,43.20294306959469,-0.1325821765572617
2025-05-28 21:14:00,21.185185516300432,41.16065744272819,-0.11562494777915305
2025-05-28 21:15:00,22.44526765861357,44.434521818833524,-0.09665206083142194
2025-05-28 21:16:00,21.784392353313066,43.074877127294826,-0.0950851235489567
2025-05-28 21:17:00,27.518660463399847,34.42015111216583,-0.08484981710710325
2025-05-28 21:18:00,25.897950505538915,44.90139626813808,-0.08309694931776401
2025-05-28 21:19:00,26.586027333990046,44.94155778278558,-0.09646420370652332
2025-05-28 21:20:00,25.506369428819028,36.64050814181961,-0.1005824373961599
2025-05-28 21:21:00,21.82873513039256,40.60082222999151,-0.09926315772844033
2025-05-28 21:22:00,23.06522255904392,43.78434305511622,-0.10380863491587478
2025-05-28 21:23:00,25.123939231148903,39.280075418130295,-0.10599516769022514
2025-05-28 21:24:00,21.73524180710902,45.652872716126296,-0.10690916326531628
2025-05-28 21:25:00,25.643046234136307,52.07108400635146,-0.10771794824397089
2025-05-28 21:26:00,23.77704666193812,36.287940485493,-0.10719536333899606
2025-05-28 21:27:00,23.551639322548436,33.28121517669553,-0.11780141400296207
2025-05-28 21:28:00,25.76954739988519,41.6765249136907,-0.12497157549424143
2025-05-28 21:29:00,25.28508038390865,43.73867157509912,-0.13781741815124113
2025-05-28 21:30:00,23.72593402200876,38.95239423424122,-0.12803926265437912
2025-05-28 21:31:00,26.8200219354875,47.35134238063132,-0.14909573207278237
2025-05-28 21:32:00,22.39470348415607,33.372774294205655,-0.1375598286396131
2025-05-28 21:33:00,25.845921654893196,43.513616660655394,-0.12369633466698468
2025-05-28 21:34:00,25.85899947507899,37.00539986670217,-0.1267181405368109
2025-05-28 21:35:00,24.113744505237495,48.61973763907387,-0.1527495114150839
2025-05-28 21:36:00,25.44620033307254,49.97603565507603,-0.1563626170347568
2025-05-28 21:37:00,22.35361891616143,36.17325569646346,-0.15700445864764498
2025-05-28 21:38:00,26.766381936550594,37.254303377817834,-0.1671104408469341
2025-05-28 21:39:00,24.611328422329546,44.298050690141864,-0.17226262478501653
2025-05-28 21:40:00,23.9985660609843,38.06495246904949,-0.156960672796383
2025-05-28 21:41:00,27.20473591704513,39.77651623371651,-0.1503114011733656
2025-05-28 21:42:00,23.76031343923633,40.135952440665235,-0.15955704231714662
2025-05-28 21:43:00,22.413693278015316,30.418552636299033,-0.17553303401310094
2025-05-28 21:44:00,22.178060616227732,39.958105875800484,-0.17880320718919865
2025-05-28 21:45:00,26.562889953542605,36.591497469288086,-0.18093777498270303
2025-05-28 21:46:00,22.848174936948176,37.58982633044836,-0.17597578310906986
2025-05-28 21:47:00,28.975168095762683,47.291363148508864,-0.18132895023474646
2025-05-28 21:48:00,21.35642589621413,33.810885542909396,-0.17621395448112784
2025-05-28 21:49:00,28.965844991222088,44.18211202740516,-0.15686241408052554
2025-05-28 21:50:00,26.04534910234345,38.746381113867,-0.14870740385608291
2025-05-28 21:51:00,25.47780499560011,38.76994197956379,-0.14918828892939065
2025-05-28 21:52:00,24.62665574986488,44.15057993303679,-0.1510197936399236
2025-05-28 21:53:00,26.55719552017223,41.93137771922952,-0.15458652498172232
2025-05-28 21:54:00,25.723082133824708,43.11900217853763,-0.14278011585720088
2025-05-28 21:55:00,28.041226512280858,45.144082986087426,-0.1490532503167139
2025-05-28 21:56:00,26.096048784991677,38.686237600929836,-0.1486010232267141
2025-05-28 21:57:00,26.19773689886607,37.32360322498999,-0.14808904420790323
2025-05-28 21:58:00,25.1959011747666,35.00341880722829,-0.15310688613601856
2025-05-28 21:59:00,25.83157612515173,36.34886952126071,-0.16683154161485955
2025-05-28 22:00:00,26.57967388460027,55.27049965933932,-0.16360179657868287
2025-05-28 22:01:00,22.55852417210061,46.79987328834074,-0.1642118362972367
2025-05-28 22:02:00,23.293409871512356,33.874881176285506,-0.15920943160287102
2025-05-28 22:03:00,27.483314628202464,34.074057321683604,-0.16454543466726268
2025-05-28 22:04:00,26.341581303214184,43.15407411937568,-0.1523372216791322
2025-05-28 22:05:00,25.63099388705347,43.541752672987776,-0.16110495949125064
2025-05-28 22:06:00,26.030988223620728,43.61280590485699,-0.1439845566510717
2025-05-28 22:07:00,26.68051237119096,39.658823404462616,-0.16146092174935434
2025-05-28 22:08:00,24.893161694084437,40.37378819475232,-0.15711322110378542
2025-05-28 22:09:00,24.399557283934627,42.7101390393011,-0.1523589142785192
2025-05-28 22:10:00,26.327561815749178,41.57209594750135,-0.16031448495792802
2025-05-28 22:11:00,33.955129469084966,30.120208350434634,-0.1560705455793179
2025-05-28 22:12:00,26.700778294437725,40.14396284547275,-0.14327535888171633
2025-05-28 22:13:00,22.448006524717712,37.114332245839115,-0.16544354727525698
2025-05-28 22:14:00,27.87701212901712,42.32795818147329,-0.16041609920034883
2025-05-28 22:15:00,26.726185432472004,56.46084610971644,-0.18534880740364962
2025-05-28 22:16:00,26.252251165329696,43.45670234031925,-0.1950054554388817
2025-05-28 22:17:00,37.66184784594026,40.13846045388718,-0.17871379178987226
2025-05-28 22:18:00,28.980934811978802,46.403981758815384,-0.1845316121237928
2025-05-28 22:19:00,27.62967576419939,44.299307571417394,-0.1962704117678825
2025-05-28 22:20:00,21.867760515407518,44.07924052470876,-0.19824978905772933
2025-05-28 22:21:00,22.93675538521299,45.1079040586615,-0.1775707256760938
2025-05-28 22:22:00,24.19071145754327,52.45321156206306,-0.19588754814815407
2025-05-28 22:23:00,25.435228673024838,36.61482988948324,-0.20640064726454752
2025-05-28 22:24:00,26.359547836422625,44.738122040341985,-0.19142633043275126
2025-05-28 22:25:00,23.812643243009678,37.84063196511275,-0.17284930699737394
2025-05-28 22:26:00,25.576520980980924,45.35453781425514,-0.1738836192402768
2025-05-28 22:27:00,23.630275467218276,38.08981418155274,-0.1862741462655432
2025-05-28 22:28:00,23.85550186558178,40.704493742728715,-0.16531571124745162
2025-05-28 22:29:00,22.202400845360607,41.42574150586617,-0.14937128732995966
2025-05-28 22:30:00,23.106379938425892,47.891892973199866,-0.14258181745233733
2025-05-28 22:31:00,22.186787077224842,47.718427333420955,-0.15070584094171152
2025-05-28 22:32:00,22.876154011281166,37.01261338414128,-0.15119613435009188
2025-05-28 22:33:00,26.873608897251433,43.63258694694309,-0.15279973516054018
2025-05-28 22:34:00,22.806876367016834,39.928375361036224,-0.1494912221143844
2025-05-28 22:35:00,29.910951010548448,37.30372117989306,-0.13498120773307104
2025-05-28 22:36:00,25.574734553517793,42.63271477492171,-0.126187037321697
2025-05-28 22:37:00,24.90131171105709,42.2984935220491,-0.1369607980915446
2025-05-28 22:38:00,22.760316721421777,56.099120041093336,-0.12319583359134922
2025-05-28 22:39:00,25.825112906048094,46.2564587767439,-0.12006451219121766
2025-05-28 22:40:00,23.22295417067265,37.33115490122509,-0.1131938542326285
2025-05-28 22:41:00,24.570460702403857,41.52438431149136,-0.09852844563984246
2025-05-28 22:42:00,29.401484951669055,49.58558001361628,-0.10964424813497797
2025-05-28 22:43:00,24.046912874889035,55.05265164074745,-0.1100025039220426
2025-05-28 22:44:00,26.498305329917322,36.81362791249699,-0.11531704943563474
2025-05-28 22:45:00,22.757296340782453,35.47832879477362,-0.1309956436892893
2025-05-28 22:46:00,24.06087002740408,54.36844916444899,-0.1275285439132401
2025-05-28 22:47:00,27.643083115151157,47.09859951967963,-0.10241297839739585
2025-05-28 22:48:00,22.821735704847157,40.94716924978799,-0.12081375584245338
2025-05-28 22:49:00,27.678410126259006,48.101047403821376,-0.12113656195294809
2025-05-28 22:50:00,25.45060290221621,32.38956269847433,-0.11473113260220034
2025-05-28 22:51:00,22.895567148830352,45.72667399236253,-0.11350035058563854
2025-05-28 22:52:00,25.274591224619844,47.49145805316134,-0.11463163111079594
2025-05-28 22:53:00,25.94807547947477,50.6172840360111,-0.12762379474525418
2025-05-28 22:54:00,25.24372005266764,41.071024648584014,-0.12529592731585254
2025-05-28 22:55:00,20.86073828599182,46.71446546894109,-0.1328635670860118
2025-05-28 22:56:00,22.551950720344838,41.80534998555974,-0.15476278413579733
2025-05-28 22:57:00,23.520154975884783,47.85671734511488,-0.14281686193066
2025-05-28 22:58:00,23.87918693234767,42.251237979607154,-0.1332330037322396
2025-05-28 22:59:00,25.286103037503068,44.83644536188398,-0.13271639396372878
2025-05-28 23:00:00,24.420643345199355,42.04762465937713,-0.13042564708167176
2025-05-28 23:01:00,21.41873157898776,50.43287000437856,-0.11968246695451615
2025-05-28 23:02:00,34.8775957892873,51.6206294219381,-0.11743907038673532
2025-05-28 23:03:00,25.369642352834333,46.30711653636167,-0.10839889483912217
2025-05-28 23:04:00,25.30268985866917,47.823877871883326,-0.11137371684786067
2025-05-28 23:05:00,26.38253886552575,40.542784603616674,-0.0982538794621212
2025-05-28 23:06:00,25.929770777465468,46.44095964584912,-0.09504602220279437
2025-05-28 23:07:00,25.22415435231615,47.84243046446063,-0.09310550276673563
2025-05-28 23:08:00,24.212075695445307,61.35200102263117,-0.10580611365385595
2025-05-28 23:09:00,21.079659046577085,42.84321559325367,-0.10293655511083886
2025-05-28 23:10:00,25.312357562771542,55.87934688308259,-0.11125610428578338
2025-05-28 23:11:00,24.92219931242674,53.69852091451034,-0.11763893155106832
2025-05-28 23:12:00,25.10563466393384,50.27349330815994,-0.12579268783422953
2025-05-28 23:13:00,22.06636305023578,57.81977723729263,-0.13645503715322177
2025-05-28 23:14:00,22.51663357549933,51.04380634440224,-0.11520732312305215
2025-05-28 23:15:00,26.845209196253716,51.28588104207343,-0.10189393250316812
2025-05-28 23:16:00,24.720982507061876,49.23145103127859,-0.08269025748172551
2025-05-28 23:17:00,26.22507405677259,55.77199228397495,-0.09491920767728115
2025-05-28 23:18:00,24.981234687678512,55.29367312120973,-0.09420667017817223
2025-05-28 23:19:00,25.046933661152746,46.84016624044157,-0.1071417464302132
2025-05-28 23:20:00,26.926862182315354,43.529550205393555,-0.11409869520218384
2025-05-28 23:21:00,24.080879414994318,49.26808539385287,-0.12327996503634958
2025-05-28 23:22:00,25.36743799713383,46.43992819823558,-0.11088412497193396
2025-05-28 23:23:00,24.31218063288159,50.2795217757553,-0.11484642175295157
2025-05-28 23:24:00,24.42833738180254,56.9412113192447,-0.1041626284160114
2025-05-28 23:25:00,24.738408441476945,48.62420195143244,-0.09812141952012622
2025-05-28 23:26:00,25.85903232437283,50.85305774715571,-0.07508503199907833
2025-05-28 23:27:00,24.513639465756057,51.513488917826535,-0.08987947423047557
2025-05-28 23:28:00,28.037157803778356,55.62142779075293,-0.07728714183260758
2025-05-28 23:29:00,23.788861155061362,40.30038384903913,-0.0658227331286003
2025-05-28 23:30:00,25.25447670897292,48.656506729391985,-0.07555652150887066
2025-05-28 23:31:00,24.796417856814326,52.90118652943228,-0.06548518814413906
2025-05-28 23:32:00,28.614822987632046,57.99946663438234,-0.06212373851387677
2025-05-28 23:33:00,36.15611338739467,49.693369169919876,-0.06439850111341085
2025-05-28 23:34:00,27.86581227169231,42.92339517721501,-0.07263785598313084
2025-05-28 23:35:00,22.86694985263128,55.557423087369166,-0.0798289504976227
2025-05-28 23:36:00,26.404804431903642,49.434153159992725,-0.059330829539763444
2025-05-28 23:37:00,27.67915564177019,46.81408554833892,-0.059324001350188615
2025-05-28 23:38:00,26.090093597472524,49.79146268418934,-0.05150270133487402
2025-05-28 23:39:00,28.078457996851128,52.14061340778857,-0.05941169515154955
2025-05-28 23:40:00,24.93114514811461,50.18881011415037,-0.06721022461376594
2025-05-28 23:41:00,28.798822835093333,42.3332021599268,-0.056390376521266515
2025-05-28 23:42:00,30.58845424580793,57.99403149294895,-0.06988613863678184
2025-05-28 23:43:00,25.271593418493513,60.02987632464579,-0.07403827631583455
2025-05-28 23:44:00,25.108934385398747,57.05900793793348,-0.07369800220511223
2025-05-28 23:45:00,28.90542306531186,48.257926675370314,-0.0725842761867117
2025-05-28 23:46:00,29.152563962179233,53.08287874966985,-0.07437520903687327
2025-05-28 23:47:00,24.938536752126833,54.20069998441805,-0.07041701122591404
2025-05-28 23:48:00,35.13082811807867,57.36920205237858,-0.06348845366773592
2025-05-28 23:49:00,25.390736916007736,57.85777440735934,-0.05614207821314262
2025-05-28 23:50:00,23.244735741542296,50.98492832404708,-0.06600011629982089
2025-05-28 23:51:00,24.071971484845495,55.20434940495588,-0.06884166727910886
2025-05-28 23:52:00,23.873036778605673,57.21816264207094,-0.05689403866033948
2025-05-28 23:53:00,24.314280990982432,62.347041950416546,-0.047947566784600756
2025-05-28 23:54:00,25.745703366712704,58.72537981893939,-0.06167616129941139
2025-05-28 23:55:00,26.24547646455533,59.28176104089881,-0.05816136229588938
2025-05-28 23:56:00,28.836949053112264,55.88792189458306,-0.07794361478963747
2025-05-28 23:57:00,23.695230787499966,62.652043587393464,-0.07747426576903378
2025-05-28 23:58:00,27.613838232891865,57.77813652621767,-0.05849659560157401
2025-05-28 23:59:00,25.167918932182882,51.552041224550536,-0.06797552277426387
2025-05-29 00:00:00,25.44531594532672,63.00104071453521,-0.07631875322917969
2025-05-29 00:01:00,26.840076912249636,59.59893784814935,-0.06867845541345109
2025-05-29 00:02:00,23.189249038029804,54.01792157373975,-0.08410647056554756
2025-05-29 00:03:00,26.142048756670878,53.95785602144761,-0.09043402086439795
2025-05-29 00:04:00,25.651178131318424,57.958806542077745,-0.08446960948858041
2025-05-29 00:05:00,26.242962097445155,58.910859711696865,-0.09081246796547444
2025-05-29 00:06:00,25.775162229283342,57.69877352156506,-0.09317216783758415
2025-05-29 00:07:00,30.045412259828378,58.38457253884631,-0.08573031073443381
2025-05-29 00:08:00,23.796785943417962,65.44184493428911,-0.0815148498990682
2025-05-29 00:09:00,23.947440162222264,62.412086432633956,-0.07884666593611418
2025-05-29 00:10:00,23.70028387315742,58.11811719115294,-0.08223788872881457
2025-05-29 00:11:00,23.772952847554265,61.9802893195679,-0.07853727757612503
2025-05-29 00:12:00,23.546934074228997,52.21811579868569,-0.0797746043771226
2025-05-29 00:13:00,27.13824767871737,59.47554473308394,-0.07519654827786475
2025-05-29 00:14:00,27.540677618367965,66.63576466334644,-0.08016586852904453
2025-05-29 00:15:00,23.49881868285652,56.60045058878129,-0.08199155827283994
2025-05-29 00:16:00,22.91766464158508,53.55205621273948,-0.09189113619836008
2025-05-29 00:17:00,25.46892289018237,54.627401231361006,-0.09224121229842244
2025-05-29 00:18:00,23.36723572269201,52.53535020003212,-0.1003512209347109
2025-05-29 00:19:00,25.68522468608242,54.153401800099545,-0.11149168543633083
2025-05-29 00:20:00,24.77518243666005,56.3163698789789,-0.10890507395777695
2025-05-29 00:21:00,21.290317434190875,51.230754713742215,-0.10677767619920034
2025-05-29 00:22:00,27.37196721859862,58.424319152226175,-0.09894893884971462
2025-05-29 00:23:00,27.826722548733155,62.94318759279546,-0.1032601945454656
2025-05-29 00:24:00,22.97042548866429,53.9765104765985,-0.09917966607709805
2025-05-29 00:25:00,23.384814779669494,66.19309542001629,-0.09367169035436142
2025-05-29 00:26:00,24.699484583430326,61.229895319313975,-0.08922395227604547
2025-05-29 00:27:00,24.76765253442811,63.905951934898404,-0.0974804891040669
2025-05-29 00:28:00,25.390376639940378,55.5388263579855,-0.095986854281355
2025-05-29 00:29:00,38.07191094397291,63.17339284355213,-0.09234545132080839
2025-05-29 00:30:00,23.679571967453864,53.51166425744657,-0.09227366665172897
2025-05-29 00:31:00,22.422658593703055,63.490920338802695,-0.11313844323543981
2025-05-29 00:32:00,21.250279597301926,59.96499373488801,-0.11153354699570502
2025-05-29 00:33:00,22.540642123521664,61.93591611788405,-0.0894082366017326
2025-05-29 00:34:00,23.93377695838466,53.353282963818856,-0.09300862928930242
2025-05-29 00:35:00,27.590629655165053,54.815220518160594,-0.10028940026785564
2025-05-29 00:36:00,22.97172281278729,62.333727657938425,-0.09655591467074166
2025-05-29 00:37:00,24.46387977709819,54.66055238597659,-0.09343213256607595
2025-05-29 00:38:00,23.996706517334697,61.77070518643425,-0.08150478091191181
2025-05-29 00:39:00,26.423424874518737,52.669028540699884,-0.09408346247100069
2025-05-29 00:40:00,29.12135921426753,63.7932826393162,-0.08676965994525077
2025-05-29 00:41:00,23.030300394279806,53.43512736968934,-0.08086543933273613
2025-05-29 00:42:00,23.141293119147125,62.40220315655912,-0.08228690470214159
2025-05-29 00:43:00,26.240107054225337,62.809434197251186,-0.07890003152292469
2025-05-29 00:44:00,25.55053579402889,56.23560300237446,-0.06860545670694111
2025-05-29 00:45:00,27.918350922592463,62.665374560242014,-0.05988230290665661
2025-05-29 00:46:00,25.4340410453752,61.0908208908064,-0.0713124960273939
2025-05-29 00:47:00,23.591750729447615,57.12534811201137,-0.06311091415983905
2025-05-29 00:48:00,25.53852205169807,54.80530410974104,-0.06375780021016424
2025-05-29 00:49:00,26.62403889932819,50.061034476204995,-0.06302905923000908
2025-05-29 00:50:00,26.099361890846534,61.64605739373631,-0.06229708931999214
2025-05-29 00:51:00,25.526853118400957,52.0949904957785,-0.06379951920797473
2025-05-29 00:52:00,26.701490526165006,60.41447027726078,-0.051882444236904086
2025-05-29 00:53:00,26.964276180967317,58.63679622492888,-0.052719623835396204
2025-05-29 00:54:00,27.449027043499548,63.36357827876132,-0.06391508511922789
2025-05-29 00:55:00,26.04239969877897,58.46899965283311,-0.06785038367892518
2025-05-29 00:56:00,24.47202308812939,58.340883810537235,-0.06606343651082043
2025-05-29 00:57:00,25.161732084031016,63.65390249973217,-0.05377128866784993
2025-05-29 00:58:00,27.343888888421926,61.6737944150036,-0.04774034181836159
2025-05-29 00:59:00,23.359839224709454,61.58076742419986,-0.056245694605832036
2025-05-29 01:00:00,25.793921666929588,62.345336666710125,-0.03139379543904312
2025-05-29 01:01:00,24.332538184081447,52.31767713618211,-0.028746042329263328
2025-05-29 01:02:00,25.238874781742275,63.77354899752319,-0.01599213494927318
2025-05-29 01:03:00,27.79974091059318,63.04354769044948,-0.01750927928504547
2025-05-29 01:04:00,35.685527084514426,54.88691855490442,-0.012175686837990975
2025-05-29 01:05:00,25.45549431009396,58.73659734869737,-0.003781001792806927
2025-05-29 01:06:00,22.70076723130937,59.74466713676124,0.008400945324735632
2025-05-29 01:07:00,26.969182181500862,59.250465754539476,0.018974628378517884
2025-05-29 01:08:00,26.821953962411467,61.57154236775466,0.027696598379247664
2025-05-29 01:09:00,29.909705843817186,67.0359211785577,0.024545731067306578
2025-05-29 01:10:00,25.01754450602082,65.26232324304031,0.018828270647745962
2025-05-29 01:11:00,26.118802646683125,53.26435990206925,0.022154345750987937
2025-05-29 01:12:00,26.223979366181908,62.90534294534141,0.031485626474398634
2025-05-29 01:13:00,28.921960754382546,66.40677510742135,0.029258419466632563
2025-05-29 01:14:00,25.61527205218376,61.66085315047762,0.03991013912377643
2025-05-29 01:15:00,26.399528348840725,65.14400995829133,0.054436306578638224
2025-05-29 01:16:00,27.089572889345803,69.71036191545122,0.04527309738790403
2025-05-29 01:17:00,26.27583737398175,64.72507375475811,0.036903890349941224
2025-05-29 01:18:00,25.03502179819545,60.80821032560116,0.03550013976088786
2025-05-29 01:19:00,26.337669626151424,64.73988711725553,0.038576266442779825
2025-05-29 01:20:00,28.114599048116833,60.18930906283298,0.03333059630510932
2025-05-29 01:21:00,23.92832558193144,59.53247027171982,0.04685262309378076
2025-05-29 01:22:00,26.257435441891136,57.60164187696946,0.05109329170896527
2025-05-29 01:23:00,24.597473559317912,67.1192241024466,0.05148776219137266
2025-05-29 01:24:00,28.3900821323254,55.15115846606308,0.037128666952687385
2025-05-29 01:25:00,22.95193434870372,66.84399969219332,0.023970508788412316
2025-05-29 01:26:00,24.874835992340344,61.6180708618522,0.026780601291230378
2025-05-29 01:27:00,26.737549467924747,52.05655412181626,0.005454645029682015
2025-05-29 01:28:00,29.10073209012637,60.82342802615579,0.015581019126122734
2025-05-29 01:29:00,25.820907260738476,48.41492418872472,0.013999480682399531
2025-05-29 01:30:00,24.82096623607346,61.97026791424296,0.04643041037834686
2025-05-29 01:31:00,29.66895390165807,63.19437016727649,0.06950957288450796
2025-05-29 01:32:00,22.982301177750283,55.72975013775973,0.0676950821920328
2025-05-29 01:33:00,21.448932977089903,59.23043675917023,0.06663171216671965
2025-05-29 01:34:00,26.691442086569534,68.30252450068537,0.07658752730673994
2025-05-29 01:35:00,24.768964344683503,55.9199335682485,0.09361925340592032
2025-05-29 01:36:00,23.689209691840254,53.06897015437477,0.07723896283156015
2025-05-29 01:37:00,27.10409738322782,65.68459839834031,0.05937520817801328
2025-05-29 01:38:00,26.127976854215426,67.99994449631225,0.05315486012246947
2025-05-29 01:39:00,24.462676773532504,58.114189992646686,0.058982235954208116
2025-05-29 01:40:00,22.978347425018434,63.05972840358211,0.06395097185928408
2025-05-29 01:41:00,27.22986179327778,64.61451596680536,0.07464868640912259
2025-05-29 01:42:00,26.729422709979655,54.09748351376727,0.06265171112546951
2025-05-29 01:43:00,25.173045306248806,55.28421295014792,0.03949027249578074
2025-05-29 01:44:00,29.00557903632683,63.764045822390365,0.048070414448802196
2025-05-29 01:45:00,23.111808528732823,65.9317944460698,0.03978845171914985
2025-05-29 01:46:00,22.139604303183592,60.21632126789122,0.019603573075263475
2025-05-29 01:47:00,13.744761155519392,52.89620914371163,0.02105421053485729
2025-05-29 01:48:00,24.97481946091563,67.12214680718259,0.028985967417044064
2025-05-29 01:49:00,25.489823630853127,54.42177029980524,0.027765396095831292
2025-05-29 01:50:00,24.457813419404133,55.288969874634965,0.0231869122340064
2025-05-29 01:51:00,25.581773268650142,58.56266007728593,0.021593289912547334
2025-05-29 01:52:00,22.31244434481563,64.50639137244255,0.017887462288539505
2025-05-29 01:53:00,27.641642622392673,60.88842228105981,0.004406991169137833
2025-05-29 01:54:00,24.529373623608087,58.574186732346035,-0.0027398156007664856
2025-05-29 01:55:00,26.86904155135104,58.69601175812166,0.0024729834493716595
2025-05-29 01:56:00,25.26212003669888,56.47527511173541,0.005689768863136661
2025-05-29 01:57:00,25.43406927601876,58.92498491525916,0.0073703669228048635
2025-05-29 01:58:00,25.60588680006229,43.36155595315973,-0.002581117895728931
2025-05-29 01:59:00,25.309669042492796,54.39990235665908,-0.004396149517085602
2025-05-29 02:00:00,25.64991343389071,56.96167820228281,-0.02616679998151415
2025-05-29 02:01:00,26.97550214310168,49.87070416408686,-0.024382033342660252
2025-05-29 02:02:00,24.665668697829894,57.42670636976587,-0.010093456264524578
2025-05-29 02:03:00,25.648939508602712,54.340690327443234,-0.024834777584945636
2025-05-29 02:04:00,24.012807477351743,64.00705567373548,-0.03069405431812319
2025-05-29 02:05:00,27.037054258512725,62.96011362891302,-0.027402986531021894
2025-05-29 02:06:00,22.771910495203652,52.6300653412531,-0.014874560186747057
2025-05-29 02:07:00,27.697912582359617,54.06775678018701,-0.019356806349748554
2025-05-29 02:08:00,23.990627125756955,54.31386753528466,-0.026279309642407517
2025-05-29 02:09:00,21.187978038463793,52.285810083650674,-0.04596854106656835
2025-05-29 02:10:00,24.288080876919462,55.37861104948684,-0.04493415977348729
2025-05-29 02:11:00,22.655940945752732,50.47036577928641,-0.024513399372049847
2025-05-29 02:12:00,25.689386662718572,48.46593580775231,-0.021739814752403087
2025-05-29 02:13:00,22.696829326366977,57.0887866203405,-0.02196260454424022
2025-05-29 02:14:00,23.107634369741845,56.978113647140745,-0.018741781436570366
2025-05-29 02:15:00,20.22279816607079,49.663175149802555,-0.018852701476056385
2025-05-29 02:16:00,23.10309239384703,58.01490834507639,-0.026982845198657686
2025-05-29 02:17:00,19.169695759819458,50.23274505912011,-0.01875004604188063
2025-05-29 02:18:00,20.8632835697924,54.50812414503362,-0.016492430810763088
2025-05-29 02:19:00,25.569384837605416,57.19488067695099,-0.016316298291426515
2025-05-29 02:20:00,25.64138458647306,52.77519572967427,-0.026069958564209017
2025-05-29 02:21:00,24.94560662398733,55.06633339363399,-0.013034879244861425
2025-05-29 02:22:00,22.189226438508417,50.05916047372822,-0.0063878517915303265
2025-05-29 02:23:00,24.05971057876022,51.507002627528436,-0.011917060165203348
2025-05-29 02:24:00,24.183223758478114,51.307449805240836,-0.0018988116283839753
2025-05-29 02:25:00,21.91219640891618,48.45068892974528,-0.006874520012236047
2025-05-29 02:26:00,27.27726851241211,51.14600370468872,-0.014694554937346418
2025-05-29 02:27:00,26.069627490667557,44.13257503943966,-0.02229158611214929
2025-05-29 02:28:00,23.920114741587557,49.26522609193118,-0.040002271643030204
2025-05-29 02:29:00,24.46547771278825,50.14152017443724,-0.03528684783884815
2025-05-29 02:30:00,34.880460972657716,50.1295145567723,-0.053598296622231645
2025-05-29 02:31:00,20.434335729349364,50.04709307244908,-0.06588273493488928
2025-05-29 02:32:00,24.07946762258636,50.78961611612438,-0.0866386150256746
2025-05-29 02:33:00,23.26755610919415,53.3392299537066,-0.08749931195358353
2025-05-29 02:34:00,22.68744391882129,55.15796008631933,-0.08900251655630224
2025-05-29 02:35:00,24.188865859761197,47.3797067662035,-0.09226947868816589
2025-05-29 02:36:00,28.4078064003232,44.45553141657735,-0.10269525563487165
2025-05-29 02:37:00,26.156227692353717,45.10419984797571,-0.11441759316923805
2025-05-29 02:38:00,23.794788730389918,47.72121578459579,-0.10977389453377231
2025-05-29 02:39:00,26.145165562712315,48.24039341091746,-0.11527941385085719
